study,n_high_power,n_low_power,mean_high_power,mean_low_power,sd_high_power,sd_low_power
Bailey et al.,46,48,2.6195652173913,2.38541666666667,0.932051397060959,0.935355111386666
Ronay et al.,53,55,2.12264150943396,1.94545454545455,0.765265542006363,0.791580271734539
Klaschinski et al.,101,99,3.0019801980198,2.72727272727273,0.823405149124027,0.900092759598288
Bombari et al.,99,101,2.24242424242424,1.99009900990099,0.926821527972042,0.854342431405002
Latu et al.,100,100,2.575,2.445,0.789370673768706,0.976736991986661
Keller et al.,135,134,2.73333333333333,2.57835820895522,1.05413188446738,0.997844439207294
